<?xml version="1.0" encoding="utf-8" ?>
<manifest>
  <control namespace="LegalTechOps" constructor="RiskMatrix" version="2.1.0" display-name-key="Risk Matrix" description-key="Risk Matrix Component" control-type="standard">
    <property name="Impact" display-name-key="Y-Axis Score" description-key="Y-Axis value (1-4 scale)" of-type="Whole.None" usage="bound" required="false" />
    <property name="Probability" display-name-key="X-Axis Score" description-key="X-Axis value (1-4 scale)" of-type="Whole.None" usage="bound" required="false" />
    <property name="Size" display-name-key="Matrix Size" description-key="Select the size of the risk matrix display" of-type="Enum" usage="input" required="false" default-value="1">
      <value name="Small" display-name-key="Small (245x180)" description-key="Compact size suitable for narrow forms">0</value>
      <value name="Large" display-name-key="Large (320x240)" description-key="Large size, suitable for wide forms and detailed views">1</value>
      <value name="Huge" display-name-key="Huge (400x300)" description-key="Extra large size for detailed views">2</value>
    </property>
    <property name="ShowCategoryLabels" display-name-key="Show Category Labels" description-key="Show or hide the category labels (Low, Medium, High, Critical)" of-type="TwoOptions" usage="input" required="false" default-value="true">
      <value name="Yes" display-name-key="Show Category Labels">true</value>
      <value name="No" display-name-key="Hide Category Labels">false</value>
    </property>
    <property name="ShowAxisLabels" display-name-key="Show Axis Labels" description-key="Show or hide the axis labels (Impact and Probability)" of-type="TwoOptions" usage="input" required="false" default-value="true">
      <value name="Yes" display-name-key="Show Axis Labels">true</value>
      <value name="No" display-name-key="Hide Axis Labels">false</value>
    </property>
    <property name="GridSize" display-name-key="Grid Size" description-key="Select the number of categories for the risk matrix grid" of-type="Enum" usage="input" required="false" default-value="4">
      <value name="2x2" display-name-key="2x2 Grid (Low, High)">2</value>
      <value name="3x3" display-name-key="3x3 Grid (Low, Medium, High)">3</value>
      <value name="4x4" display-name-key="4x4 Grid (Low, Medium, High, Critical)">4</value>
    </property>
    <property name="ImpactLabel" display-name-key="Impact Axis Label" description-key="Custom label for the impact axis" of-type="SingleLine.Text" usage="input" required="false" default-value="Impact" />
    <property name="ProbabilityLabel" display-name-key="Probability Axis Label" description-key="Custom label for the probability axis" of-type="SingleLine.Text" usage="input" required="false" default-value="Probability" />
    <property name="ShowRiskLabel" display-name-key="Show Risk Label" description-key="Show the current risk level above the matrix" of-type="TwoOptions" usage="input" required="false" default-value="true">
      <value name="Yes" display-name-key="Show Risk Label">true</value>
      <value name="No" display-name-key="Hide Risk Label">false</value>
    </property>
    <property name="LowColor" display-name-key="Low Risk Color" description-key="Hex color for low risk areas" of-type="SingleLine.Text" usage="input" required="false" default-value="#107c10" />
    <property name="MediumColor" display-name-key="Medium Risk Color" description-key="Hex color for medium risk areas" of-type="SingleLine.Text" usage="input" required="false" default-value="#faa06b" />
    <property name="HighColor" display-name-key="High Risk Color" description-key="Hex color for high risk areas" of-type="SingleLine.Text" usage="input" required="false" default-value="#ff8c00" />
    <property name="CriticalColor" display-name-key="Critical Risk Color" description-key="Hex color for critical risk areas" of-type="SingleLine.Text" usage="input" required="false" default-value="#d13438" />
    <resources>
      <code path="index.ts" order="1"/>
    </resources>
  </control>
</manifest>