<?xml version="1.0" encoding="UTF-8" standalone="yes"?>
<manifest>
  <control namespace="LegalTechOps" constructor="RiskMatrix" version="1.5.0" display-name-key="Risk Matrix" description-key="Risk Matrix Component" control-type="standard" api-version="1.3.18">
    <property name="Impact" display-name-key="Impact Score" description-key="Impact value (1-4 scale)" of-type="Whole.None" usage="bound" required="false"/>
    <property name="Probability" display-name-key="Probability Score" description-key="Probability value (1-4 scale)" of-type="Whole.None" usage="bound" required="false"/>
    <property name="Size" display-name-key="Matrix Size" description-key="Select the size of the risk matrix display" of-type="Enum" usage="input" required="false" default-value="1">
      <value name="Small" display-name-key="Small (245x180)" description-key="Compact size suitable for narrow forms">0</value>
      <value name="Large" display-name-key="Large (320x240)" description-key="Large size, suitable for wide forms and detailed views">1</value>
    </property>
    <property name="ShowLabels" display-name-key="Show Scale Labels" description-key="Show or hide the scale labels (Low, Medium, High, Critical)" of-type="TwoOptions" usage="input" required="false" default-value="true">
      <value name="Yes" display-name-key="Show Labels">true</value>
      <value name="No" display-name-key="Hide Labels">false</value>
    </property>
    <property name="LowColor" display-name-key="Low Risk Color" description-key="Hex color for low risk areas" of-type="SingleLine.Text" usage="input" required="false" default-value="#107c10"/>
    <property name="MediumColor" display-name-key="Medium Risk Color" description-key="Hex color for medium risk areas" of-type="SingleLine.Text" usage="input" required="false" default-value="#faa06b"/>
    <property name="HighColor" display-name-key="High Risk Color" description-key="Hex color for high risk areas" of-type="SingleLine.Text" usage="input" required="false" default-value="#ff8c00"/>
    <property name="CriticalColor" display-name-key="Critical Risk Color" description-key="Hex color for critical risk areas" of-type="SingleLine.Text" usage="input" required="false" default-value="#d13438"/>
    <resources>
      <code path="bundle.js" order="1"/>
    </resources>
    <feature-usage/>
    <built-by name="pac" version="1.47.1"/>
  </control>
</manifest>