<?xml version="1.0" encoding="UTF-8" standalone="yes"?>
<manifest>
  <control namespace="LegalTechOps" constructor="APISchemaBuilder" version="2.1.4" display-name-key="API Schema Builder" description-key="Visual drag-and-drop component for building API response schemas" control-type="standard" api-version="1.3.18">
    <property name="schemaField" display-name-key="Schema Field" description-key="Field to store the API schema JSON" of-type="SingleLine.Text" usage="bound" required="true"/>
    <resources>
      <code path="bundle.js" order="1"/>
      <css path="css/APISchemaBuilder.css" order="1"/>
    </resources>
    <feature-usage>
      <uses-feature name="WebAPI" required="true"/>
    </feature-usage>
    <built-by name="pac" version="1.48.2"/>
  </control>
</manifest>